username,password,type,package_id,secret_key
user1,password1,driver,PKG001,ABC123
user2,password2,customer,PKG002,DEF456
user3,password3,driver,PKG003,GHI789
user4,password4,customer,PKG004,JKL012
user5,password5,driver,PKG005,MNO345
user6,password6,customer,PKG006,PQR678
user7,password7,driver,PKG007,STU901
user8,password8,customer,PKG008,VWX234
user9,password9,driver,PKG009,YZ0123
user10,password10,customer,PKG010,456ABC
user11,password11,driver,PKG011,789DEF
user12,password12,customer,PKG012,012GHI
user13,password13,driver,PKG013,345JKL
user14,password14,customer,PKG014,678MNO
user15,password15,driver,PKG015,901PQR
user16,password16,customer,PKG016,234STU
user17,password17,driver,PKG017,XYZ345
user18,password18,customer,PKG018,ABC678
user19,password19,driver,PKG019,DEF901
user20,password20,customer,PKG020,GHI234
user21,password21,driver,PKG021,JKL567
user22,password22,customer,PKG022,MNO890
user23,password23,driver,PKG023,PQR123
user24,password24,customer,PKG024,STU456
user25,password25,driver,PKG025,VWX789
user26,password26,customer,PKG026,YZ012
user27,password27,driver,PKG027,456XYZ
user28,password28,customer,PKG028,789ABC
user29,password29,driver,PKG029,901DEF
user30,password30,customer,PKG030,234GHI
user31,password31,driver,PKG031,567JKL
user32,password32,customer,PKG032,890MNO
user33,password33,driver,PKG033,123PQR
user34,password34,customer,PKG034,456STU
user35,password35,driver,PKG035,789VWX
user36,password36,customer,PKG036,012YZ
user37,password37,driver,PKG037,345456
user38,password38,customer,PKG038,678789
user39,password39,driver,PKG039,901012
user40,password40,customer,PKG040,234345
user41,password41,driver,PKG041,567678
user42,password42,customer,PKG042,890901
user43,password43,driver,PKG043,123234
user44,password44,customer,PKG044,456567
user45,password45,driver,PKG045,789890
user46,password46,customer,PKG046,012123
user47,password47,driver,PKG047,345456
user48,password48,customer,PKG048,678789
user49,password49,driver,PKG049,901012
user50,password50,customer,PKG050,234345
user51,password51,driver,PKG051,567678
user52,password52,customer,PKG052,890901
user53,password53,driver,PKG053,123234
user54,password54,customer,PKG054,456567
user55,password55,driver,PKG055,789890
user56,password56,customer,PKG056,012123
user57,password57,driver,PKG057,345456
user58,password58,customer,PKG058,678789
user59,password59,driver,PKG059,901012
user60,password60,customer,PKG060,234345
user61,password61,driver,PKG061,567678
user62,password62,customer,PKG062,890901
user63,password63,driver,PKG063,123234
user64,password64,customer,PKG064,456567
user65,password65,driver,PKG065,789890
user66,password66,customer,PKG066,012123
user67,password67,driver,PKG067,345456
user68,password68,customer,PKG068,678789
user69,password69,driver,PKG069,901012
user70,password70,customer,PKG070,234345
user71,password71,driver,PKG071,567678
user72,password72,customer,PKG072,890901
user73,password73,driver,PKG073,123234
user74,password74,customer,PKG074,456567
user75,password75,driver,PKG075,789890
user76,password76,customer,PKG076,012123
user77,password77,driver,PKG077,345456
user78,password78,customer,PKG078,678789
user79,password79,driver,PKG079,901012
user80,password80,customer,PKG080,234345
user81,password81,driver,PKG081,567678
user82,password82,customer,PKG082,890901
user83,password83,driver,PKG083,123234
user84,password84,customer,PKG084,456567
user85,password85,driver,PKG085,789890
user86,password86,customer,PKG086,012123
user87,password87,driver,PKG087,345456
user88,password88,customer,PKG088,678789
user89,password89,driver,PKG089,901012
user90,password90,customer,PKG090,234345
user91,password91,driver,PKG091,567678
user92,password92,customer,PKG092,890901
user93,password93,driver,PKG093,123234
user94,password94,customer,PKG094,456567
user95,password95,driver,PKG095,789890
user96,password96,customer,PKG096,012123
user97,password97,driver,PKG097,345456
user98,password98,customer,PKG098,678789
user99,password99,driver,PKG099,901012
user100,password100,customer,PKG100,234345
